[
  {
    "id": 1749449153662,
    "customerId": 2,
    "providerId": 3,
    "date": "2025-06-24",
    "startTime": "13:57",
    "endTime": "17:00",
    "duration": 3.0500000000000007,
    "notes": "daw",
    "status": "paid",
    "price": 91.50000000000003,
    "createdAt": "2025-06-09T06:05:53.626Z"
  },
  {
    "id": 1749449750675,
    "customerId": 2,
    "providerId": 3,
    "date": "2025-06-14",
    "startTime": "14:17",
    "endTime": "14:19",
    "duration": 0.033333333333333215,
    "notes": "dsa",
    "status": "pending",
    "price": 0.9999999999999964,
    "createdAt": "2025-06-09T06:15:50.669Z"
  },
  {
    "id": 1749455830349,
    "customerId": 2,
    "providerId": 1,
    "date": "2025-06-10",
    "startTime": "17:57",
    "endTime": "21:00",
    "duration": 3.0500000000000007,
    "notes": "???",
    "status": "completed",
    "price": 91.50000000000003,
    "createdAt": "2025-06-09T07:57:10.329Z",
    "rating": 4
  },
  {
    "id": 1749456466231,
    "customerId": 2,
    "providerId": 1,
    "date": "2025-06-20",
    "startTime": "13:00",
    "endTime": "19:00",
    "duration": 6,
    "notes": "",
    "status": "completed",
    "price": 180,
    "createdAt": "2025-06-09T08:07:46.225Z"
  },
  {
    "id": 1749456619371,
    "customerId": 2,
    "providerId": 1,
    "date": "2025-06-18",
    "startTime": "14:00",
    "endTime": "22:00",
    "duration": 8,
    "notes": "",
    "status": "accepted",
    "price": 240,
    "createdAt": "2025-06-09T08:10:19.367Z"
  },
  {
    "id": 1749457454927,
    "customerId": 2,
    "providerId": 1,
    "date": "2025-06-13",
    "startTime": "14:00",
    "endTime": "18:00",
    "duration": 4,
    "notes": "",
    "status": "completed",
    "price": 120,
    "createdAt": "2025-06-09T08:24:14.921Z"
  },
  {
    "id": 1749711180143,
    "customerId": 8,
    "providerId": 1,
    "date": "2025-06-21",
    "startTime": "20:00",
    "endTime": "23:00",
    "duration": 3,
    "notes": "",
    "status": "accepted",
    "price": 90,
    "createdAt": "2025-06-12T06:53:00.137Z"
  }
]